<?xml version="1.0" encoding="UTF-8"?>
<beans xmlns="http://www.springframework.org/schema/beans"
	xmlns:xsi="http://www.w3.org/2001/XMLSchema-instance" xmlns:mvc="http://www.springframework.org/schema/mvc"
	xmlns:util="http://www.springframework.org/schema/util" xmlns:p="http://www.springframework.org/schema/p"
	xmlns:context="http://www.springframework.org/schema/context"
	xmlns:oxm="http://www.springframework.org/schema/oxm"
	xsi:schemaLocation="
		http://www.springframework.org/schema/context http://www.springframework.org/schema/context/spring-context.xsd
		http://www.springframework.org/schema/beans http://www.springframework.org/schema/beans/spring-beans.xsd
		http://www.springframework.org/schema/util http://www.springframework.org/schema/util/spring-util.xsd
		http://www.springframework.org/schema/mvc http://www.springframework.org/schema/mvc/spring-mvc.xsd">

	<!-- Configures support for @Controllers -->
	<!-- content-negotiation-manager attribute needed to enable support of content negotiation with @RequestMapping (such as its "produces" attribute) -->
	<!-- Content-negotiation-manager also used to pick the right HttpMessageConverter when @ResponseObject is used (send the Object to the desired HttpMessageConverter) -->
	<mvc:annotation-driven content-negotiation-manager="contentNegotiationManager">
		<mvc:message-converters>
			<ref bean="marshallingHttpMessageConverter" />
			<ref bean="jsonMessageConverter" />
		</mvc:message-converters>
	</mvc:annotation-driven>

	<context:component-scan base-package="npu.orderapp.controllers" />

    <!-- used by mvc:annotation-driven tag    It is needed to enable support of content negotiation with @RequestMapping (such as its "produces" attribute) -->
    <!-- Does content negotiation for the HttpMessageConverter approach (@ResponseBody) -->
    <!-- Note that the content negotiation for the view approach is not controlled by this.  See the ContentNegotiatingViewResolver bean elsewhere that handles Views -->
	<bean id="contentNegotiationManager"
		class="org.springframework.web.accept.ContentNegotiationManagerFactoryBean">
		<property name="favorPathExtension" value="false" />    <!-- Ignore the path extension and use parameter ?mediaType instead (if present), otherwise use accept header -->
		<property name="favorParameter" value="true" />
		<property name="parameterName" value="mediaType" />
		<property name="defaultContentType" value="application/xml" />
		<property name="mediaTypes">
			<value>
				json=application/json
				xml=application/xml
			</value>
		</property>
	</bean>


	<!-- ==================================================================== -->
	<!-- ========================= VIEW DEFINITIONS ========================= -->
	<!-- ==================================================================== -->
	<bean id="viewResolver"
		class="org.springframework.web.servlet.view.InternalResourceViewResolver"
		p:prefix="/" p:suffix=".jsp" p:order="2" />


	<!-- this bean with the well known name generates view names for us -->
	<!-- not strictly required since we just want to accept the defaults -->
	<bean id="viewNameTranslator"
		class="org.springframework.web.servlet.view.DefaultRequestToViewNameTranslator" />



	<!-- ==================================================================== -->
	<!-- ========================= CONTROLLER DEFINITIONS =================== -->
	<!-- ==================================================================== -->

	<!-- ==================================================================== -->
	<!-- ========================= HANDLER MAPPING ========================== -->
	<!-- ==================================================================== -->
	<mvc:view-controller path="/index.htm" view-name="index" />


	<!-- ==================================================================== -->
	<!-- ========================= INTERCEPTOR DEFINITIONS ================= -->
	<!-- ==================================================================== -->

	

	<!-- ==================================================================== -->
	<!-- ========================= MESSAGE DEFINITIONS ====================== -->
	<!-- ==================================================================== -->

	<bean id="messageSource"
		class="org.springframework.context.support.ResourceBundleMessageSource">
		<property name="basename" value="messages" />
	</bean>

	
	<!-- ==================================================================== -->
	<!-- ================ Content Negotiation ===================== -->
	<!-- ==================================================================== -->
	<!--  When the Controller returns a ModelAndView, will determine how display the result.
	      May need to convert result to a particular format. In our case XML or JSON. -->
	<bean
		class="org.springframework.web.servlet.view.ContentNegotiatingViewResolver"
		p:order="1">
		<property name="favorParameter" value="true" />  
		<property name="mediaTypes">
			<map>
				<entry key="xml" value="application/xml" />
				<entry key="json" value="application/json" />
				<entry key="htm" value="text/html" />
			</map>
		</property>
		<property name="viewResolvers">   <!-- Classes that are ViewResolver  -->
			<list>
				<ref bean="viewResolver" />
			</list>
		</property>
		<property name="defaultViews">   <!-- These are not ViewResolver classes  -->
			<list>
				<ref bean="xmlView" />
				<bean
					class="org.springframework.web.servlet.view.json.MappingJackson2JsonView" />
			</list>
		</property>
	</bean>
	
	<bean id="xmlView"
		class="org.springframework.web.servlet.view.xml.MarshallingView">
		<property name="contentType" value="application/xml" />
		<property name="marshaller" ref="jaxbMarshaller" />
	</bean>
</beans>

