<?xml version="1.0" encoding="UTF-8"?>

<!DOCTYPE log4j:configuration SYSTEM "log4j.dtd">
<log4j:configuration xmlns:log4j='http://jakarta.apache.org/log4j/'>
	<appender name="Console" class="org.apache.log4j.ConsoleAppender">
		<layout class="org.apache.log4j.PatternLayout">
			<param name="ConversionPattern"
				value="%d [%t] %-5p %c - %m%n" />
		</layout>
	</appender>


    <!--  server side categories -->
	<category name="npu.orderapp.services">
		<priority value="DEBUG" />
	</category>

    <!--  front end categories -->
	<category name="npu.orderapp.controllers">
		<priority value="DEBUG" />
	</category>
	
	<!--  spring framework -->
	<category name="org.springframework.web">
		<priority value="INFO" />
	</category>
	
	<category name="org.springframework.test.context">
		<priority value="INFO" />
	</category>
	
	
	
	<root>
		<priority value="INFO" />
		<appender-ref ref="Console" />
	</root>
</log4j:configuration>