<?xml version="1.0" encoding="UTF-8"?>
<beans xmlns="http://www.springframework.org/schema/beans"
	xmlns:xsi="http://www.w3.org/2001/XMLSchema-instance" 
	xmlns:util="http://www.springframework.org/schema/util"
	xmlns:context="http://www.springframework.org/schema/context"
	xmlns:p="http://www.springframework.org/schema/p"
	xmlns:oxm="http://www.springframework.org/schema/oxm"
	xsi:schemaLocation="
		http://www.springframework.org/schema/context http://www.springframework.org/schema/context/spring-context.xsd
		http://www.springframework.org/schema/beans http://www.springframework.org/schema/beans/spring-beans.xsd
		http://www.springframework.org/schema/oxm http://www.springframework.org/schema/oxm/spring-oxm.xsd
		http://www.springframework.org/schema/util http://www.springframework.org/schema/util/spring-util.xsd">

	<context:annotation-config />
	<context:mbean-export />

	<context:component-scan base-package="npu.orderapp.exceptions" />
	<context:component-scan base-package="npu.orderapp.services" />

	<!-- ==================================================================== -->
	<!-- ========================= MARSHALLER =====================           -->
	<!-- ==================================================================== -->
	
	
	<bean id="jsonMessageConverter"
		class="org.springframework.http.converter.json.MappingJackson2HttpMessageConverter" />
		
	<!--  XML -->
	<!--  
	<bean id="xstreamMarshaller" class="org.springframework.oxm.xstream.XStreamMarshaller"
		p:autodetectAnnotations="true">
		<property name="aliases">
			<util:map>
				<entry key="order" value="npu.orderapp.domain.Order" />
			</util:map>
		</property>
	</bean>
	-->
		
		
	<bean id="marshallingHttpMessageConverter"
		class="org.springframework.http.converter.xml.MarshallingHttpMessageConverter">
		<property name="marshaller" ref="jaxbMarshaller" />
		<property name="unmarshaller" ref="jaxbMarshaller" />
	</bean>
	

	<oxm:jaxb2-marshaller id="jaxbMarshaller">
		<oxm:class-to-be-bound name="npu.orderapp.domain.Order" />
		<oxm:class-to-be-bound name="npu.orderapp.domain.Orders" />
		<oxm:class-to-be-bound name="npu.orderapp.domain.Customer" />
	</oxm:jaxb2-marshaller>

<!--  
	<bean id="castorMarshaller" class="org.springframework.oxm.castor.CastorMarshaller" />
-->

	<!--  
	<bean id="xmlView"
		class="org.springframework.web.servlet.view.xml.MarshallingView">
		<property name="contentType" value="application/xml" />
		<property name="marshaller" ref="xstreamMarshaller" />
	</bean>
	-->

	
</beans>